
/*Table structure for table `_cbs_changes` */

DROP TABLE IF EXISTS `_cbs_changes`;

CREATE TABLE `_cbs_changes` (
  `year_change` int(4) DEFAULT NULL,
  `2012_cbs` varchar(4) DEFAULT NULL,
  `new_cbs` varchar(4) DEFAULT NULL
) ENGINE=InnoDB DEFAULT CHARSET=utf8;

/*Data for the table `_cbs_changes` */

insert  into `_cbs_changes`(`year_change`,`2012_cbs`,`new_cbs`) values (2013,'0395','0441'),(2013,'0441','0441'),(2013,'0476','0441'),(2013,'0504','1924'),(2013,'0511','1924'),(2013,'0559','1924'),(2013,'0580','1924'),(2013,'0693','1927'),(2013,'0694','1927'),(2013,'0571','1927');

/*Table structure for table `_progress` */

DROP TABLE IF EXISTS `_progress`;

CREATE TABLE `_progress` (
  `cbs_nr` varchar(6) NOT NULL,
  `status` varchar(6) DEFAULT NULL
) ENGINE=InnoDB DEFAULT CHARSET=utf8;

/*Data for the table `_progress` */

insert  into `_progress`(`cbs_nr`,`status`) values ('0003','1'),('0005','2'),('0007','2'),('0009','2'),('0010','2'),('0014','2'),('0015','2'),('0017','2'),('0018','1'),('0022','1'),('0024','2'),('0025','2'),('0034','2'),('0037','2'),('0040','2'),('0047','2'),('0048','2'),('0050','2'),('0051','2'),('0053','2'),('0055','2'),('0056','2'),('0058','2'),('0059','2'),('0060','1'),('0063','2'),('0070','2'),('0072','1'),('0074','2'),('0079','1'),('0080','2'),('0081','2'),('0082','2'),('0085','2'),('0086','2'),('0088','2'),('0090','2'),('0091','2'),('0093','2'),('0096','2'),('0098','1'),('0106','2'),('0109','2'),('0114','2'),('0118','2'),('0119','2'),('0140','2'),('0141','2'),('0147','2'),('0148','2'),('0150','2'),('0153','1'),('0158','2'),('0160','2'),('0163','2'),('0164','2'),('0166','2'),('0168','1'),('0171','2'),('0173','2'),('0175','2'),('0177','2'),('0180','1'),('0183','1'),('0184','2'),('0189','2'),('0193','2'),('0196','2'),('0197','2'),('0200','1'),('0202','2'),('0203','2'),('0209','2'),('0213','2'),('0214','2'),('0221','2'),('0222','1'),('0225','1'),('0226','2'),('0228','2'),('0232','1'),('0233','1'),('0241','2'),('0243','1'),('0246','2'),('0252','1'),('0262','1'),('0263','2'),('0265','2'),('0267','1'),('0268','2'),('0269','1'),('0273','1'),('0274','1'),('0275','2'),('0279','2'),('0281','1'),('0282','2'),('0285','1'),('0289','2'),('0293','2'),('0294','2'),('0299','2'),('0303','2'),('0307','2'),('0308','1'),('0310','1'),('0312','2'),('0313','1'),('0317','2'),('0321','1'),('0327','2'),('0335','2'),('0339','2'),('0340','2'),('0344','1'),('0345','2'),('0351','2'),('0353','1'),('0355','2'),('0356','2'),('0358','1'),('0361','1'),('0362','2'),('0363','1'),('0365','2'),('0370','2'),('0373','2'),('0375','1'),('0376','1'),('0377','1'),('0381','2'),('0383','2'),('0384','2'),('0385','2'),('0392','2'),('0394','2'),('0396','2'),('0397','1'),('0399','2'),('0402','1'),('0405','1'),('0406','1'),('0416','2'),('0417','2'),('0448','2'),('0450','1'),('0478','2'),('0479','1'),('0482','1'),('0484','1'),('0489','1'),('0491','2'),('0499','1'),('0501','1'),('0502','2'),('0503','1'),('0513','2'),('0518','2'),('0532','2'),('0534','2'),('0537','2'),('0537','2'),('0556','2'),('0568','2'),('0569','2'),('0575','2'),('0576','2'),('0579','2'),('0585','2'),('0589','2'),('0599','2'),('0603','2'),('0613','1'),('0627','1'),('0632','2'),('0643','1'),('0653','2'),('0664','1'),('0677','2'),('0703','2'),('0707','1'),('0715','2'),('0716','2'),('0736','2'),('0737','2'),('0738','2'),('0743','2'),('0744','2'),('0748','1'),('0753','1'),('0755','2'),('0757','2'),('0758','1'),('0762','1'),('0765','2'),('0772','1'),('0777','2'),('0784','1'),('0785','2'),('0786','1'),('0794','2'),('0796','1'),('0797','2'),('0815','1'),('0820','1'),('0823','1'),('0824','2'),('0828','2'),('0846','2'),('0848','2'),('0855','2'),('0856','2'),('0858','1'),('0860','2'),('0865','1'),('0870','1'),('0873','2'),('0880','2'),('0881','2'),('0882','2'),('0888','2'),('0889','2'),('0893','1'),('0899','2'),('0907','1'),('0917','2'),('0928','2'),('0935','1'),('0938','2'),('0944','2'),('0946','2'),('0951','2'),('0957','2'),('0962','1'),('0965','2'),('0981','2'),('0983','2'),('0984','1'),('0986','2'),('0988','2'),('0994','2'),('0995','2'),('1507','1'),('1509','2'),('1581','2'),('1586','2'),('1621','2'),('1640','1'),('1641','2'),('1651','2'),('1652','2'),('1658','2'),('1659','1'),('1663','2'),('1667','2'),('1669','1'),('1674','1'),('1676','1'),('1680','2'),('1681','2'),('1685','2'),('1690','2'),('1696','2'),('1699','2'),('1701','2'),('1705','1'),('1706','1'),('1708','2'),('1711','2'),('1714','2'),('1719','2'),('1721','2'),('1722','2'),('1723','1'),('1724','1'),('1728','1'),('1729','1'),('1730','2'),('1731','2'),('1734','1'),('1742','2'),('1771','2'),('1783','2'),('1842','2'),('1859','2'),('1876','2'),('1883','1'),('1891','2'),('1894','2'),('1895','2'),('1900','2'),('1901','2'),('1903','2'),('1904','1'),('1908','2'),('1911','2'),('1916','2'),('1924','1'),('1926','2'),('1927','2'),('1955','2'),('1987','2');

/*Table structure for table `_status_to_color` */

DROP TABLE IF EXISTS `_status_to_color`;

CREATE TABLE `_status_to_color` (
  `status` int(10) NOT NULL AUTO_INCREMENT,
  `color` varchar(6) DEFAULT NULL,
  PRIMARY KEY (`status`)
) ENGINE=InnoDB AUTO_INCREMENT=3 DEFAULT CHARSET=latin1;

/*Data for the table `_status_to_color` */

insert  into `_status_to_color`(`status`,`color`) values (0,'cdc3cc'),(1,'9c6769'),(2,'99141b');

/*!40101 SET SQL_MODE=@OLD_SQL_MODE */;
/*!40014 SET FOREIGN_KEY_CHECKS=@OLD_FOREIGN_KEY_CHECKS */;
/*!40014 SET UNIQUE_CHECKS=@OLD_UNIQUE_CHECKS */;
/*!40111 SET SQL_NOTES=@OLD_SQL_NOTES */;
